case_id,tooth_id,class,is_upper,x_mean,y_mean,x_std,y_std,x_min,x_max,y_min,y_max,x_range,y_range,x_centroid_dist,aspect_ratio,coverage
446,25,Occlusal,1,0.00203907382475715,0.8705512009655528,0.01517585271040394,0.03801206416910984,0.0,0.13335738559094873,0.8041805170313012,0.9591640264773157,0.13335738559094873,0.15498350944601447,0.49796092617524285,0.4779892549637518,0.04976275207444357
392,26,Occlusal,1,0.6174114067263279,0.8339381656417689,0.08741677733231541,0.023244747886700938,0.43896783960548286,0.8022615353424171,0.7871617623523212,0.8858674822868029,0.3632936957369342,0.09870571993448174,0.11741140672632788,0.45090860909532027,0.035454727964848234
1,46,Occlusal,0,0.3900382752967815,0.17501528473264102,0.030284043155650375,0.009082395107984127,0.32982554537239894,0.4472589635667223,0.15906645374977016,0.19424614319711217,0.11743341819432335,0.03517968944734201,0.10996172470321852,0.5086528034559294,0.005296409790591442
167,16,Mesial,1,0.9634367108446492,0.8306766539267182,0.00871774601693835,0.008214581635410905,0.9484820032357777,0.9740520290963709,0.8175994050408699,0.847899901082394,0.025570025860593204,0.030300496041524072,0.4634367108446492,0.4102632385402468,0.00111000110996004
168,14,Mesial,1,0.4280675804510711,0.8277024364603844,0.2812993133383904,0.01169761091070253,0.190347385772445,0.8621351487511019,0.8075311708832066,0.8502497802698805,0.6717877629786568,0.042718609386673934,0.07193241954892893,0.33560438785058555,0.004927740278896528
257,16,Mesial,1,0.8325818761727464,0.8480864948138801,0.032948845409868095,0.01876451079651365,0.7647335260295631,0.9006159010893,0.8122692830191118,0.8924476103058803,0.13588237505973688,0.08017832728676844,0.33258187617274637,0.5102934297410869,0.009930613024064847
193,46,Distal,0,0.04775060987126377,0.25493902079006614,0.009418376749576587,0.0057395906020220894,0.031425005126419596,0.06549048964759223,0.24430876727088346,0.2662534641551485,0.03406548452117263,0.021944696884265036,0.4522493901287362,0.5278172601168147,0.0009751935149334066
401,25,Distal,1,0.6601004350682192,0.8075995489036527,0.03316956509426908,0.013247499787133273,0.594236149351932,0.7195712285976922,0.7835435717450444,0.831646574034554,0.12533507924576015,0.04810300228950959,0.16010043506821925,0.3128581875697108,0.007431168136464519
1,45,Distal,0,0.18994649962263951,0.3037931135597151,0.026699289641007144,0.041135754746782605,0.13949562164759555,0.24706240834393603,0.22687528021567419,0.38202108691092956,0.10756678669634048,0.15514580669525538,0.31005350037736046,0.4145796628243033,0.01922241529000747
